P1_OvladaciPanel_CS_AKTIVNY,POE\Main\ZonaCS.GB,12,OUT,201,54,Write,,BOOL,NSQX2.1,,VAR_GLOBAL,GLOBAL,,
P1_ReleaseKartySO_AB15,C\PLC\R\CPU\global_variables.vbb,0,,124,0,,,BOOL,NSIX2.7,,VAR_GLOBAL,NOT USED,,
P1_ResetZony_Bunky,C\PLC\R\CPU\global_variables.vbb,0,,117,0,,,BOOL,NSIX2.0,,VAR_GLOBAL,NOT USED,,
P1_ResetZony_Vytahu,C\PLC\R\CPU\global_variables.vbb,0,,118,0,,,BOOL,NSIX2.1,,VAR_GLOBAL,NOT USED,,
P1_Robot_CS_AKTIVNY,POE\Main\ZonaCS.GB,7,OUT,200,64,Write,,BOOL,NSQX2.2,,VAR_GLOBAL,GLOBAL,,
P1_Rozvadzac_CS_AKTIVNY,POE\Main\ZonaCS.GB,12,OUT,202,56,Write,,BOOL,NSQX2.3,,VAR_GLOBAL,GLOBAL,,
P1_SnimacVytahu_AKTIVNY,POE\Main\P1_ZonaVytah.GB,6,OUT,62,57,Write,,BOOL,NSQX3.3,,VAR_GLOBAL,GLOBAL,,
P1_SpatVezba_Ventil1_Bunka,C\PLC\R\CPU\global_variables.vbb,0,,119,0,,,BOOL,NSIX2.2,,VAR_GLOBAL,NOT USED,,
P1_SpatVezba_Ventil2_Bunka,C\PLC\R\CPU\global_variables.vbb,0,,120,0,,,BOOL,NSIX2.3,,VAR_GLOBAL,NOT USED,,
P1_SpatVezba_ZonaBunka,C\PLC\R\CPU\global_variables.vbb,0,,121,0,,,BOOL,NSIX2.4,,VAR_GLOBAL,NOT USED,,
P1_SpatVezba_ZonaCS,POE\Main\ZonaCS.GB,3,IN,127,3,Read,,BOOL,NSIX2.5,,VAR_GLOBAL,GLOBAL,,
P1_SpatVezba_ZonaVytah,C\PLC\R\CPU\global_variables.vbb,0,,123,0,,,BOOL,NSIX2.6,,VAR_GLOBAL,NOT USED,,
P1_TlakVzduchuOK,C\PLC\R\CPU\global_variables.vbb,0,,116,0,,,BOOL,NSIX1.7,,VAR_GLOBAL,NOT USED,,
P1_VstupBunky_Bariera_AKTIVNA,POE\Main\BarieryBuniek.GB,2,OUT,9,53,Write,,BOOL,NSQX2.4,,VAR_GLOBAL,GLOBAL,,
P1_VyblokovanieSafety_AKTIVNE,POE\Main\VyblokovanieSafety.GB,2,OUT,12,41,Write,,BOOL,NSQX2.7,,VAR_GLOBAL,GLOBAL,,
P1_VystTunela_Bariera_AKTIVNA,POE\Main\BarieryBuniek.GB,2,OUT,33,39,Write,,BOOL,NSQX2.5,,VAR_GLOBAL,GLOBAL,,
P1_Vytah_Bariera_AKTIVNA,POE\Main\P1_ZonaVytah.GB,2,OUT,63,66,Write,,BOOL,NSQX2.6,,VAR_GLOBAL,GLOBAL,,
P1_Vytah_Zdvih_BUSY,C\PLC\R\CPU\global_variables.vbb,0,,125,0,,,BOOL,NSIX3.0,,VAR_GLOBAL,NOT USED,,
P1_ZamkyBunky_AKTIVNE,POE\Main\ZamkyBuniek.GB,2,OUT,12,34,Write,,BOOL,NSQX3.0,,VAR_GLOBAL,GLOBAL,,
P1_ZonaBunky_AKTIVNA,POE\Main\P1_ZonaBunky.GB,4,OUT,26,34,Write,,BOOL,NSQX3.1,,VAR_GLOBAL,GLOBAL,,
P1_ZonaVytahu_AKTIVNA,POE\Main\P1_ZonaVytah.GB,4,OUT,25,56,Write,,BOOL,NSQX3.2,,VAR_GLOBAL,GLOBAL,,
P2_DvojOvladanie_CS_AKTIVNY,POE\Main\ZonaCS.GB,2,OUT,86,57,Write,,BOOL,NSQX0.1,,VAR_GLOBAL,GLOBAL,,
P2_DvojrucneOvladanie_AKTIVNE,POE\Main\P2_ZonaZaklTesneniaPojazd.GB,6,OUT,24,41,Write,,BOOL,NSQX1.0,,VAR_GLOBAL,GLOBAL,,
P2_OvladaciPanel_CS_AKTIVNY,POE\Main\ZonaCS.GB,7,OUT,88,57,Write,,BOOL,NSQX0.2,,VAR_GLOBAL,GLOBAL,,
P2_ReleaseKartySO_AB25,C\PLC\R\CPU\global_variables.vbb,0,,111,0,,,BOOL,NSIX1.5,,VAR_GLOBAL,NOT USED,,
P2_ReleaseKartySO_AB26,C\PLC\R\CPU\global_variables.vbb,0,,112,0,,,BOOL,NSIX1.6,,VAR_GLOBAL,NOT USED,,
P2_ResetZony_Bunky,C\PLC\R\CPU\global_variables.vbb,0,,102,0,,,BOOL,NSIX0.4,,VAR_GLOBAL,NOT USED,,
P2_ResetZony_Maticovacky,C\PLC\R\CPU\global_variables.vbb,0,,101,0,,,BOOL,NSIX0.3,,VAR_GLOBAL,NOT USED,,
P2_ResetZony_ZaklTesnPojazd,C\PLC\R\CPU\global_variables.vbb,0,,99,0,,,BOOL,NSIX0.1,,VAR_GLOBAL,NOT USED,,
P2_ResetZony_ZaklTesnZdvih,C\PLC\R\CPU\global_variables.vbb,0,,100,0,,,BOOL,NSIX0.2,,VAR_GLOBAL,NOT USED,,
P2_Robot_CS_AKTIVNY,POE\Main\ZonaCS.GB,2,OUT,87,65,Write,,BOOL,NSQX0.3,,VAR_GLOBAL,GLOBAL,,
P2_Rozvadzac_CS_AKTIVNY,POE\Main\ZonaCS.GB,7,OUT,89,61,Write,,BOOL,NSQX0.4,,VAR_GLOBAL,GLOBAL,,
P2_SpatVezba_Ventil1_Bunka,C\PLC\R\CPU\global_variables.vbb,0,,105,0,,,BOOL,NSIX0.7,,VAR_GLOBAL,NOT USED,,
P2_SpatVezba_Ventil2_Bunka,C\PLC\R\CPU\global_variables.vbb,0,,106,0,,,BOOL,NSIX1.0,,VAR_GLOBAL,NOT USED,,
P2_SpatVezba_Ventil_Maticovac,C\PLC\R\CPU\global_variables.vbb,0,,104,0,,,BOOL,NSIX0.6,,VAR_GLOBAL,NOT USED,,
P2_SpatVezba_ZonaBunka,C\PLC\R\CPU\global_variables.vbb,0,,107,0,,,BOOL,NSIX1.1,,VAR_GLOBAL,NOT USED,,
P2_SpatVezba_ZonaCS,POE\Main\ZonaCS.GB,3,IN,114,3,Read,,BOOL,NSIX1.2,,VAR_GLOBAL,GLOBAL,,
P2_SpatVezba_ZonaZaklTesnPojaz,C\PLC\R\CPU\global_variables.vbb,0,,109,0,,,BOOL,NSIX1.3,,VAR_GLOBAL,NOT USED,,
P2_SpatVezba_ZonaZaklTesnZdvih,C\PLC\R\CPU\global_variables.vbb,0,,110,0,,,BOOL,NSIX1.4,,VAR_GLOBAL,NOT USED,,
P2_TlakVzduchuOK,C\PLC\R\CPU\global_variables.vbb,0,,103,0,,,BOOL,NSIX0.5,,VAR_GLOBAL,NOT USED,,
P2_VstupBunky_Bariera_AKTIVNA,POE\Main\BarieryBuniek.GB,4,OUT,56,55,Write,,BOOL,NSQX0.5,,VAR_GLOBAL,GLOBAL,,
P2_VyblokovanieSafety_AKTIVNE,POE\Main\VyblokovanieSafety.GB,2,OUT,37,36,Write,,BOOL,NSQX1.7,,VAR_GLOBAL,GLOBAL,,
P2_ZaklTesn_Bariera_AKTIVNA,POE\Main\P2_ZonaZaklTesneniaZdvih.GB,6,OUT,47,46,Write,,BOOL,NSQX0.6,,VAR_GLOBAL,GLOBAL,,
P2_ZaklTesn_Bumper_AKTIVNY,POE\Main\P2_ZonaZaklTesneniaPojazd.GB,2,OUT,20,47,Write,,BOOL,NSQX0.7,,VAR_GLOBAL,GLOBAL,,
P2_ZaklTesn_Pojazd_ZASUNUTY,POE\Main\P2_ZonaZaklTesneniaZdvih.GB,6,OUT,46,49,Write,,BOOL,NSQX2.0,,VAR_GLOBAL,GLOBAL,,
P2_ZaklTesnenia_Vysuvanie_BUSY,POE\Main\P2_ZonaZaklTesneniaPojazd.GB,5,IN,69,0,Read,,BOOL,NSIX3.1,,VAR_GLOBAL,GLOBAL,,
P2_ZaklTesnenia_Zasuvanie_BUSY,C\PLC\R\CPU\global_variables.vbb,0,,115,0,,,BOOL,NSIX3.2,,VAR_GLOBAL,NOT USED,,
P2_ZaklTesnenia_Zdvih_BUSY,POE\Main\P2_ZonaZaklTesneniaZdvih.GB,1,IN,64,41,Read,,BOOL,NSIX3.3,,VAR_GLOBAL,GLOBAL,,
P2_ZaklTesnPojazd_Zona_AKTIVNA,POE\Main\P2_ZonaZaklTesneniaPojazd.GB,4,OUT,28,26,Write,,BOOL,NSQX1.3,,VAR_GLOBAL,GLOBAL,,
P2_ZaklTesnZdvih_Zona_AKTIVNA,POE\Main\P2_ZonaZaklTesneniaZdvih.GB,4,OUT,51,37,Write,,BOOL,NSQX1.4,,VAR_GLOBAL,GLOBAL,,
P2_ZamkyBunky_AKTIVNE,POE\Main\ZamkyBuniek.GB,2,OUT,48,28,Write,,BOOL,NSQX1.1,,VAR_GLOBAL,GLOBAL,,
P2_ZonaBunky_AKTIVNA,POE\Main\P2_ZonaBunky.GB,4,OUT,20,21,Write,,BOOL,NSQX1.6,,VAR_GLOBAL,GLOBAL,,
P2_ZonaMaticovacky_AKTIVNA,POE\Main\P2_ZonaMaticovacky.GB,3,OUT,26,36,Write,,BOOL,NSQX1.2,,VAR_GLOBAL,GLOBAL,,
P3_ReleaseKartySO_AB36,C\PLC\R\CPU\global_variables.vbb,0,,132,0,,,BOOL,NSIX4.2,,VAR_GLOBAL,NOT USED,,
P3_ResetZony_Bunky,C\PLC\R\CPU\global_variables.vbb,0,,127,0,,,BOOL,NSIX3.5,,VAR_GLOBAL,NOT USED,,
P3_Rozvadzac_CS_AKTIVNY,POE\Main\ZonaCS.GB,17,OUT,227,54,Write,,BOOL,NSQX3.4,,VAR_GLOBAL,GLOBAL,,
P3_SpatVezba_Ventil1_Bunka,C\PLC\R\CPU\global_variables.vbb,0,,128,0,,,BOOL,NSIX3.6,,VAR_GLOBAL,NOT USED,,
P3_SpatVezba_Ventil2_Bunka,C\PLC\R\CPU\global_variables.vbb,0,,129,0,,,BOOL,NSIX3.7,,VAR_GLOBAL,NOT USED,,
P3_SpatVezba_ZonaBunka,C\PLC\R\CPU\global_variables.vbb,0,,130,0,,,BOOL,NSIX4.0,,VAR_GLOBAL,NOT USED,,
P3_SpatVezba_ZonaCS,POE\Main\ZonaCS.GB,3,IN,212,3,Read,,BOOL,NSIX4.1,,VAR_GLOBAL,GLOBAL,,
P3_TlakVzduchuOK,C\PLC\R\CPU\global_variables.vbb,0,,126,0,,,BOOL,NSIX3.4,,VAR_GLOBAL,NOT USED,,
P3_VstupBunky_Bariera_AKTIVNA,POE\Main\BarieryBuniek.GB,4,OUT,80,50,Write,,BOOL,NSQX3.5,,VAR_GLOBAL,GLOBAL,,
P3_VyblokovanieSafety_AKTIVNE,POE\Main\VyblokovanieSafety.GB,4,OUT,56,33,Write,,BOOL,NSQX3.6,,VAR_GLOBAL,GLOBAL,,
P3_VystupBunky_Bariera_AKTIVNA,POE\Main\BarieryBuniek.GB,4,OUT,96,46,Write,,BOOL,NSQX3.7,,VAR_GLOBAL,GLOBAL,,
P3_ZamkyBunky_AKTIVNE,POE\Main\ZamkyBuniek.GB,5,OUT,77,0,Write,,BOOL,NSQX4.0,,VAR_GLOBAL,GLOBAL,,
P3_ZonaBunky_AKTIVNA,POE\Main\P3_ZonaBunky.GB,3,OUT,25,27,Write,,BOOL,NSQX4.1,,VAR_GLOBAL,GLOBAL,,
P4_OvladaciPanel_CS_AKTIVNY,POE\Main\ZonaCS.GB,17,OUT,266,47,Write,,BOOL,NSQX4.2,,VAR_GLOBAL,GLOBAL,,
P4_ReleaseKartySO_AB45,C\PLC\R\CPU\global_variables.vbb,0,,141,0,,,BOOL,NSIX5.3,,VAR_GLOBAL,NOT USED,,
P4_ResetZony_Bunky,C\PLC\R\CPU\global_variables.vbb,0,,134,0,,,BOOL,NSIX4.4,,VAR_GLOBAL,NOT USED,,
P4_ResetZony_Vytahu,C\PLC\R\CPU\global_variables.vbb,0,,135,0,,,BOOL,NSIX4.5,,VAR_GLOBAL,NOT USED,,
P4_Rozvadzac_CS_AKTIVNY,POE\Main\ZonaCS.GB,22,OUT,270,50,Write,,BOOL,NSQX4.3,,VAR_GLOBAL,GLOBAL,,
P4_SnimacVytahu_AKTIVNY,POE\Main\P4_ZonaVytah.GB,6,OUT,3,66,Write,,BOOL,NSQX5.3,,VAR_GLOBAL,GLOBAL,,
P4_SpatVezba_Ventil1_Bunka,C\PLC\R\CPU\global_variables.vbb,0,,136,0,,,BOOL,NSIX4.6,,VAR_GLOBAL,NOT USED,,
P4_SpatVezba_Ventil2_Bunka,C\PLC\R\CPU\global_variables.vbb,0,,137,0,,,BOOL,NSIX4.7,,VAR_GLOBAL,NOT USED,,
P4_SpatVezba_ZonaBunka,C\PLC\R\CPU\global_variables.vbb,0,,138,0,,,BOOL,NSIX5.0,,VAR_GLOBAL,NOT USED,,
P4_SpatVezba_ZonaCS,POE\Main\ZonaCS.GB,3,IN,299,3,Read,,BOOL,NSIX5.1,,VAR_GLOBAL,GLOBAL,,
P4_SpatVezba_ZonaVytah,C\PLC\R\CPU\global_variables.vbb,0,,140,0,,,BOOL,NSIX5.2,,VAR_GLOBAL,NOT USED,,
P4_TlakVzduchuOK,C\PLC\R\CPU\global_variables.vbb,0,,133,0,,,BOOL,NSIX4.3,,VAR_GLOBAL,NOT USED,,
P4_VstupBunky_Bariera_AKTIVNA,POE\Main\BarieryBuniek.GB,6,OUT,120,45,Write,,BOOL,NSQX4.4,,VAR_GLOBAL,GLOBAL,,
P4_VyblokovanieSafety_AKTIVNE,POE\Main\VyblokovanieSafety.GB,4,OUT,81,28,Write,,BOOL,NSQX4.7,,VAR_GLOBAL,GLOBAL,,
P4_VystupBunky_Bariera_AKTIVNA,POE\Main\BarieryBuniek.GB,6,OUT,121,46,Write,,BOOL,NSQX4.5,,VAR_GLOBAL,GLOBAL,,
P4_Vytah_Bariera_AKTIVNA,POE\Main\P4_ZonaVytah.GB,2,OUT,4,70,Write,,BOOL,NSQX4.6,,VAR_GLOBAL,GLOBAL,,
P4_Vytah_Zdvih_BUSY,C\PLC\R\CPU\global_variables.vbb,0,,142,0,,,BOOL,NSIX5.4,,VAR_GLOBAL,NOT USED,,
P4_ZamkyBunky_AKTIVNE,POE\Main\ZamkyBuniek.GB,5,OUT,108,0,Write,,BOOL,NSQX5.0,,VAR_GLOBAL,GLOBAL,,
P4_ZonaBunky_AKTIVNA,POE\Main\P4_ZonaBunky.GB,3,OUT,3,0,Write,,BOOL,NSQX5.1,,VAR_GLOBAL,GLOBAL,,
P4_ZonaVytahu_AKTIVNA,POE\Main\P4_ZonaVytah.GB,4,OUT,2,44,Write,,BOOL,NSQX5.2,,VAR_GLOBAL,GLOBAL,,
Release_P1_ZonaBunka,POE\Main\P1_ZonaBunky.GB,4,OUT,70,30,Write,,BOOL,NSQX132.2,,VAR_GLOBAL,GLOBAL,,
Release_P1_ZonaCS,POE\Main\ZonaCS.GB,4,OUT,317,0,Write,,BOOL,NSQX132.0,,VAR_GLOBAL,GLOBAL,,
Release_P1_ZonaVytah,POE\Main\P1_ZonaVytah.GB,4,OUT,103,30,Write,,BOOL,NSQX132.1,,VAR_GLOBAL,GLOBAL,,
Release_P2_ZonaBunka,POE\Main\P2_ZonaBunky.GB,4,OUT,72,12,Write,,BOOL,NSQX133.2,,VAR_GLOBAL,GLOBAL,,
Release_P2_ZonaCS,POE\Main\ZonaCS.GB,4,OUT,318,0,Write,,BOOL,NSQX133.0,,VAR_GLOBAL,GLOBAL,,
Release_P2_ZonaSkrutkovMatic,POE\Main\P2_ZonaMaticovacky.GB,3,OUT,52,22,Write,,BOOL,NSQX136.0,,VAR_GLOBAL,GLOBAL,,
Release_P2_ZonaZaklTesnPojazd,POE\Main\P2_ZonaZaklTesneniaPojazd.GB,4,OUT,106,19,Write,,BOOL,NSQX133.1,,VAR_GLOBAL,GLOBAL,,
Release_P2_ZonaZaklTesnZdvih,POE\Main\P2_ZonaZaklTesneniaZdvih.GB,4,OUT,103,26,Write,,BOOL,NSQX136.2,,VAR_GLOBAL,GLOBAL,,
Release_P3_HVTester,POE\Main\P3_ZonaBunky.GB,3,OUT,90,18,Write,,BOOL,NSQX134.1,,VAR_GLOBAL,GLOBAL,,
Release_P3_ZonaBunka,POE\Main\P3_ZonaBunky.GB,3,OUT,89,17,Write,,BOOL,NSQX134.2,,VAR_GLOBAL,GLOBAL,,
Release_P3_ZonaCS,POE\Main\ZonaCS.GB,4,OUT,323,0,Write,,BOOL,NSQX134.0,,VAR_GLOBAL,GLOBAL,,
Release_P4_ZonaBunka,POE\Main\P4_ZonaBunky.GB,3,OUT,102,0,Write,,BOOL,NSQX135.2,,VAR_GLOBAL,GLOBAL,,
Release_P4_ZonaCS,POE\Main\ZonaCS.GB,9,OUT,324,0,Write,,BOOL,NSQX135.0,,VAR_GLOBAL,GLOBAL,,
Release_P4_ZonaVytah,POE\Main\P4_ZonaVytah.GB,4,OUT,98,46,Write,,BOOL,NSQX135.1,,VAR_GLOBAL,GLOBAL,,
ResetZony_CS,POE\Main\ZonaCS.GB,3,IN,113,11,Read,,BOOL,NSIX0.0,,VAR_GLOBAL,GLOBAL,,
SafetyPLC_Nabehlo,POE\Main\Main.GB,2,OUT,3,71,Write,,BOOL,NSQX0.0,,VAR_GLOBAL,GLOBAL,,
siP1_Bariera_VystupTunela_CH1,POE\Main\BarieryBuniek.GB,1,IN,30,2,Read,,SAFEBOOL,SIX108.2,,VAR_GLOBAL,GLOBAL,,
siP1_Bariera_VystupTunela_CH2,POE\Main\BarieryBuniek.GB,1,IN,32,2,Read,,SAFEBOOL,SIX108.3,,VAR_GLOBAL,GLOBAL,,
siP1_Bariera_Vytah_CH1,POE\Main\P1_ZonaVytah.GB,1,IN,60,4,Read,,SAFEBOOL,SIX104.2,,VAR_GLOBAL,GLOBAL,,
siP1_Bariera_Vytah_CH2,POE\Main\P1_ZonaVytah.GB,1,IN,61,4,Read,,SAFEBOOL,SIX104.3,,VAR_GLOBAL,GLOBAL,,
siP1_BarieraBunky_CH1,POE\Main\BarieryBuniek.GB,1,IN,7,7,Read,,SAFEBOOL,SIX108.0,,VAR_GLOBAL,GLOBAL,,
siP1_BarieraBunky_CH2,POE\Main\BarieryBuniek.GB,1,IN,8,7,Read,,SAFEBOOL,SIX108.1,,VAR_GLOBAL,GLOBAL,,
siP1_CS_Panel_CH1,POE\Main\ZonaCS.GB,11,IN,196,11,Read,,SAFEBOOL,SIX56.2,,VAR_GLOBAL,GLOBAL,,
siP1_CS_Panel_CH2,POE\Main\ZonaCS.GB,11,IN,197,11,Read,,SAFEBOOL,SIX56.3,,VAR_GLOBAL,GLOBAL,,
siP1_CS_Robot_CH1,POE\Main\ZonaCS.GB,6,IN,194,11,Read,,SAFEBOOL,SIX56.0,,VAR_GLOBAL,GLOBAL,,
siP1_CS_Robot_CH2,POE\Main\ZonaCS.GB,6,IN,195,11,Read,,SAFEBOOL,SIX56.1,,VAR_GLOBAL,GLOBAL,,
siP1_CS_Rozvadzac_CH1,POE\Main\ZonaCS.GB,11,IN,198,8,Read,,SAFEBOOL,SIX56.6,,VAR_GLOBAL,GLOBAL,,
siP1_CS_Rozvadzac_CH2,POE\Main\ZonaCS.GB,11,IN,199,8,Read,,SAFEBOOL,SIX56.7,,VAR_GLOBAL,GLOBAL,,
siP1_VyblokovanieSafety_CH1,POE\Main\VyblokovanieSafety.GB,1,IN,23,19,Read,,SAFEBOOL,SIX56.4,,VAR_GLOBAL,GLOBAL,,
siP1_VyblokovanieSafety_CH2,POE\Main\VyblokovanieSafety.GB,1,IN,24,19,Read,,SAFEBOOL,SIX56.5,,VAR_GLOBAL,GLOBAL,,
siP1_Vytah_SnimacHornaPoz_CH1,POE\Main\P1_ZonaVytah.GB,5,IN,56,8,Read,,SAFEBOOL,SIX57.0,,VAR_GLOBAL,GLOBAL,,
siP1_Vytah_SnimacHornaPoz_CH2,POE\Main\P1_ZonaVytah.GB,5,IN,59,8,Read,,SAFEBOOL,SIX57.1,,VAR_GLOBAL,GLOBAL,,
siP1_ZamkyBunky_CH1,POE\Main\ZamkyBuniek.GB,1,IN,13,9,Read,,SAFEBOOL,SIX104.0,,VAR_GLOBAL,GLOBAL,,
siP1_ZamkyBunky_CH2,POE\Main\ZamkyBuniek.GB,1,IN,14,9,Read,,SAFEBOOL,SIX104.1,,VAR_GLOBAL,GLOBAL,,
siP2_Bariera_Bunky_CH1,POE\Main\BarieryBuniek.GB,1,IN,54,9,Read,,SAFEBOOL,SIX100.0,,VAR_GLOBAL,GLOBAL,,
siP2_Bariera_Bunky_CH2,POE\Main\BarieryBuniek.GB,1,IN,55,9,Read,,SAFEBOOL,SIX100.1,,VAR_GLOBAL,GLOBAL,,
siP2_Bariera_ZaklTesn_CH1,POE\Main\P2_ZonaZaklTesneniaZdvih.GB,1,IN,56,12,Read,,SAFEBOOL,SIX96.2,,VAR_GLOBAL,GLOBAL,,
siP2_Bariera_ZaklTesn_CH2,POE\Main\P2_ZonaZaklTesneniaZdvih.GB,5,IN,57,12,Read,,SAFEBOOL,SIX96.3,,VAR_GLOBAL,GLOBAL,,
siP2_Bumper_ZaklTesnPojazd_CH1,POE\Main\P2_ZonaZaklTesneniaPojazd.GB,1,IN,56,0,Read,,SAFEBOOL,SIX65.4,,VAR_GLOBAL,GLOBAL,,
siP2_Bumper_ZaklTesnPojazd_CH2,POE\Main\P2_ZonaZaklTesneniaPojazd.GB,1,IN,57,0,Read,,SAFEBOOL,SIX65.5,,VAR_GLOBAL,GLOBAL,,
siP2_CS_DvojrucneOvladanie_CH1,POE\Main\ZonaCS.GB,1,IN,76,0,Read,,SAFEBOOL,SIX96.4,,VAR_GLOBAL,GLOBAL,,
siP2_CS_DvojrucneOvladanie_CH2,POE\Main\ZonaCS.GB,1,IN,79,0,Read,,SAFEBOOL,SIX96.5,,VAR_GLOBAL,GLOBAL,,
siP2_CS_Panel_CH1,POE\Main\ZonaCS.GB,1,IN,82,8,Read,,SAFEBOOL,SIX64.2,,VAR_GLOBAL,GLOBAL,,
siP2_CS_Panel_CH2,POE\Main\ZonaCS.GB,1,IN,83,8,Read,,SAFEBOOL,SIX64.3,,VAR_GLOBAL,GLOBAL,,
siP2_CS_Robot_CH1,POE\Main\ZonaCS.GB,1,IN,80,8,Read,,SAFEBOOL,SIX64.0,,VAR_GLOBAL,GLOBAL,,
siP2_CS_Robot_CH2,POE\Main\ZonaCS.GB,1,IN,81,8,Read,,SAFEBOOL,SIX64.1,,VAR_GLOBAL,GLOBAL,,
siP2_CS_Rozvadzac_CH1,POE\Main\ZonaCS.GB,6,IN,84,5,Read,,SAFEBOOL,SIX64.6,,VAR_GLOBAL,GLOBAL,,
siP2_CS_Rozvadzac_CH2,POE\Main\ZonaCS.GB,6,IN,85,5,Read,,SAFEBOOL,SIX64.7,,VAR_GLOBAL,GLOBAL,,
siP2_DvojrucneOvlad_CH1,POE\Main\P2_ZonaZaklTesneniaPojazd.GB,5,IN,58,17,Read,,SAFEBOOL,SIX100.4,,VAR_GLOBAL,GLOBAL,,
siP2_DvojrucneOvlad_CH2,POE\Main\P2_ZonaZaklTesneniaPojazd.GB,5,IN,59,17,Read,,SAFEBOOL,SIX100.6,,VAR_GLOBAL,GLOBAL,,
siP2_Snimac_ZaklTesnPojazd_CH1,POE\Main\P2_ZonaZaklTesneniaZdvih.GB,5,IN,54,3,Read,,SAFEBOOL,SIX65.0,,VAR_GLOBAL,GLOBAL,,
siP2_Snimac_ZaklTesnPojazd_CH2,POE\Main\P2_ZonaZaklTesneniaZdvih.GB,5,IN,55,3,Read,,SAFEBOOL,SIX65.1,,VAR_GLOBAL,GLOBAL,,
siP2_VyblokovanieSafety_CH1,POE\Main\VyblokovanieSafety.GB,1,IN,34,21,Read,,SAFEBOOL,SIX64.4,,VAR_GLOBAL,GLOBAL,,
siP2_VyblokovanieSafety_CH2,POE\Main\VyblokovanieSafety.GB,1,IN,35,21,Read,,SAFEBOOL,SIX64.5,,VAR_GLOBAL,GLOBAL,,
siP2_ZamkyBunky_CH1,POE\Main\ZamkyBuniek.GB,1,IN,51,11,Read,,SAFEBOOL,SIX96.0,,VAR_GLOBAL,GLOBAL,,
siP2_ZamkyBunky_CH2,POE\Main\ZamkyBuniek.GB,1,IN,52,11,Read,,SAFEBOOL,SIX96.1,,VAR_GLOBAL,GLOBAL,,
siP3_Bariera_VstupBunky_CH1,POE\Main\BarieryBuniek.GB,3,IN,77,5,Read,,SAFEBOOL,SIX112.0,,VAR_GLOBAL,GLOBAL,,
siP3_Bariera_VstupBunky_CH2,POE\Main\BarieryBuniek.GB,3,IN,78,5,Read,,SAFEBOOL,SIX112.1,,VAR_GLOBAL,GLOBAL,,
siP3_Bariera_VystupBunky_CH1,POE\Main\BarieryBuniek.GB,3,IN,99,5,Read,,SAFEBOOL,SIX112.2,,VAR_GLOBAL,GLOBAL,,
siP3_Bariera_VystupBunky_CH2,POE\Main\BarieryBuniek.GB,3,IN,100,5,Read,,SAFEBOOL,SIX112.3,,VAR_GLOBAL,GLOBAL,,
siP3_CS_Rozvadzac_CH1,POE\Main\ZonaCS.GB,16,IN,236,8,Read,,SAFEBOOL,SIX76.2,,VAR_GLOBAL,GLOBAL,,
siP3_CS_Rozvadzac_CH2,POE\Main\ZonaCS.GB,16,IN,237,8,Read,,SAFEBOOL,SIX76.3,,VAR_GLOBAL,GLOBAL,,
siP3_VyblokovanieSafety_CH1,POE\Main\VyblokovanieSafety.GB,3,IN,59,22,Read,,SAFEBOOL,SIX76.0,,VAR_GLOBAL,GLOBAL,,
siP3_VyblokovanieSafety_CH2,POE\Main\VyblokovanieSafety.GB,3,IN,60,22,Read,,SAFEBOOL,SIX76.1,,VAR_GLOBAL,GLOBAL,,
siP3_ZamkyBunky_CH1,POE\Main\ZamkyBuniek.GB,4,IN,80,14,Read,,SAFEBOOL,SIX76.6,,VAR_GLOBAL,GLOBAL,,
siP3_ZamkyBunky_CH2,POE\Main\ZamkyBuniek.GB,4,IN,81,14,Read,,SAFEBOOL,SIX76.7,,VAR_GLOBAL,GLOBAL,,
siP4_Bariera_VstupBunky_CH1,POE\Main\BarieryBuniek.GB,5,IN,124,7,Read,,SAFEBOOL,SIX116.0,,VAR_GLOBAL,GLOBAL,,
siP4_Bariera_VstupBunky_CH2,POE\Main\BarieryBuniek.GB,5,IN,125,7,Read,,SAFEBOOL,SIX116.1,,VAR_GLOBAL,GLOBAL,,
siP4_Bariera_VystupBunky_CH1,POE\Main\BarieryBuniek.GB,5,IN,128,6,Read,,SAFEBOOL,SIX116.2,,VAR_GLOBAL,GLOBAL,,
siP4_Bariera_VystupBunky_CH2,POE\Main\BarieryBuniek.GB,5,IN,129,6,Read,,SAFEBOOL,SIX116.3,,VAR_GLOBAL,GLOBAL,,
siP4_Bariera_Vytah_CH1,POE\Main\P4_ZonaVytah.GB,1,IN,61,5,Read,,SAFEBOOL,SIX120.2,,VAR_GLOBAL,GLOBAL,,
siP4_Bariera_Vytah_CH2,POE\Main\P4_ZonaVytah.GB,1,IN,62,5,Read,,SAFEBOOL,SIX120.3,,VAR_GLOBAL,GLOBAL,,
siP4_CS_Panel_CH1,POE\Main\ZonaCS.GB,16,IN,291,10,Read,,SAFEBOOL,SIX84.2,,VAR_GLOBAL,GLOBAL,,
siP4_CS_Panel_CH2,POE\Main\ZonaCS.GB,16,IN,292,10,Read,,SAFEBOOL,SIX84.3,,VAR_GLOBAL,GLOBAL,,
siP4_CS_Rozvadzac_CH1,POE\Main\ZonaCS.GB,21,IN,293,5,Read,,SAFEBOOL,SIX84.0,,VAR_GLOBAL,GLOBAL,,
siP4_CS_Rozvadzac_CH2,POE\Main\ZonaCS.GB,21,IN,294,5,Read,,SAFEBOOL,SIX84.1,,VAR_GLOBAL,GLOBAL,,
siP4_VyblokovanieSafety_CH1,POE\Main\VyblokovanieSafety.GB,3,IN,84,23,Read,,SAFEBOOL,SIX84.4,,VAR_GLOBAL,GLOBAL,,
siP4_VyblokovanieSafety_CH2,POE\Main\VyblokovanieSafety.GB,3,IN,85,23,Read,,SAFEBOOL,SIX84.5,,VAR_GLOBAL,GLOBAL,,
siP4_Vytah_SnimacHornaPoz_CH1,POE\Main\P4_ZonaVytah.GB,5,IN,46,1,Read,,SAFEBOOL,SIX84.6,,VAR_GLOBAL,GLOBAL,,
siP4_Vytah_SnimacHornaPoz_CH2,POE\Main\P4_ZonaVytah.GB,5,IN,47,1,Read,,SAFEBOOL,SIX84.7,,VAR_GLOBAL,GLOBAL,,
siP4_ZamkyBunky_CH1,POE\Main\ZamkyBuniek.GB,4,IN,112,14,Read,,SAFEBOOL,SIX120.0,,VAR_GLOBAL,GLOBAL,,
siP4_ZamkyBunky_CH2,POE\Main\ZamkyBuniek.GB,4,IN,113,14,Read,,SAFEBOOL,SIX120.1,,VAR_GLOBAL,GLOBAL,,
soP1_ZonaBunka,POE\Main\P1_ZonaBunky.GB,3,OUT,15,0,Write,,SAFEBOOL,SQX14.2,,VAR_GLOBAL,GLOBAL,,
soP1_ZonaCS,POE\Main\ZonaCS.GB,4,OUT,203,61,Write,,SAFEBOOL,SQX14.0,,VAR_GLOBAL,GLOBAL,,
soP1_ZonaVytah,POE\Main\P1_ZonaVytah.GB,3,OUT,15,0,Write,,SAFEBOOL,SQX14.1,,VAR_GLOBAL,GLOBAL,,
soP2_ZonaBunka,POE\Main\P2_ZonaBunky.GB,4,OUT,25,66,Write,,SAFEBOOL,SQX18.2,,VAR_GLOBAL,GLOBAL,,
soP2_ZonaCS,POE\Main\ZonaCS.GB,4,OUT,124,61,Write,,SAFEBOOL,SQX18.0,,VAR_GLOBAL,GLOBAL,,
soP2_ZonaSkrutkovacaMatic,POE\Main\P2_ZonaMaticovacky.GB,2,OUT,29,0,Write,,SAFEBOOL,SQX30.0,,VAR_GLOBAL,GLOBAL,,
soP2_ZonaZaklTesnPojazd,POE\Main\P2_ZonaZaklTesneniaPojazd.GB,3,OUT,60,0,Write,,SAFEBOOL,SQX18.1,,VAR_GLOBAL,GLOBAL,,
soP2_ZonaZaklTesnZdvih,POE\Main\P2_ZonaZaklTesneniaZdvih.GB,3,OUT,58,0,Write,,SAFEBOOL,SQX30.2,,VAR_GLOBAL,GLOBAL,,
soP3_HVTester,POE\Main\P3_ZonaBunky.GB,2,OUT,34,0,Write,,SAFEBOOL,SQX22.1,,VAR_GLOBAL,GLOBAL,,
soP3_ZonaBunka,POE\Main\P3_ZonaBunky.GB,2,OUT,15,0,Write,,SAFEBOOL,SQX22.2,,VAR_GLOBAL,GLOBAL,,
soP3_ZonaCS,POE\Main\ZonaCS.GB,4,OUT,238,60,Write,,SAFEBOOL,SQX22.0,,VAR_GLOBAL,GLOBAL,,
soP4_ZonaBunka,POE\Main\P4_ZonaBunky.GB,3,OUT,1,41,Write,,SAFEBOOL,SQX26.2,,VAR_GLOBAL,GLOBAL,,
soP4_ZonaCS,POE\Main\ZonaCS.GB,4,OUT,295,60,Write,,SAFEBOOL,SQX26.0,,VAR_GLOBAL,GLOBAL,,
soP4_ZonaVytah,POE\Main\P4_ZonaVytah.GB,3,OUT,1,0,Write,,SAFEBOOL,SQX26.1,,VAR_GLOBAL,GLOBAL,,
ZonaCS_AKTIVNA,POE\Main\ZonaCS.GB,4,OUT,121,9,Write,,BOOL,NSQX1.5,,VAR_GLOBAL,GLOBAL,,
